[{"model": "admin.logentry", "pk": 1, "fields": {"action_time": "2023-12-11T22:00:44.887Z", "user": 1, "content_type": 9, "object_id": "1", "object_repr": "Order object (1)", "action_flag": 1, "change_message": "[{\"added\": {}}, {\"added\": {\"name\": \"ticket\", \"object\": \"Odessa - Kyiv2023-12-18 20:20:00+00:00 - 2023-12-19 20:20:00+00:00 seat: 3, row: 1\"}}]"}}, {"model": "admin.logentry", "pk": 2, "fields": {"action_time": "2023-12-11T22:01:04.382Z", "user": 1, "content_type": 9, "object_id": "2", "object_repr": "Order object (2)", "action_flag": 1, "change_message": "[{\"added\": {}}, {\"added\": {\"name\": \"ticket\", \"object\": \"Kyiv - Odessa2023-12-12 01:47:00+00:00 - 2023-12-11 07:01:00+00:00 seat: 3, row: 3\"}}]"}}, {"model": "admin.logentry", "pk": 3, "fields": {"action_time": "2023-12-11T22:03:13.053Z", "user": 1, "content_type": 9, "object_id": "3", "object_repr": "Order object (3)", "action_flag": 1, "change_message": "[{\"added\": {}}, {\"added\": {\"name\": \"ticket\", \"object\": \"Odessa - Kyiv2023-12-18 20:20:00+00:00 - 2023-12-19 20:20:00+00:00 seat: 1, row: 1\"}}, {\"added\": {\"name\": \"ticket\", \"object\": \"Odessa - Kyiv2023-12-18 20:20:00+00:00 - 2023-12-19 20:20:00+00:00 seat: 2, row: 1\"}}]"}}, {"model": "admin.logentry", "pk": 4, "fields": {"action_time": "2023-12-12T21:22:42.462Z", "user": 1, "content_type": 12, "object_id": "6", "object_repr": "FlightBoing5", "action_flag": 2, "change_message": "[{\"changed\": {\"fields\": [\"Image\"]}}]"}}, {"model": "auth.permission", "pk": 1, "fields": {"name": "Can add log entry", "content_type": 1, "codename": "add_logentry"}}, {"model": "auth.permission", "pk": 2, "fields": {"name": "Can change log entry", "content_type": 1, "codename": "change_logentry"}}, {"model": "auth.permission", "pk": 3, "fields": {"name": "Can delete log entry", "content_type": 1, "codename": "delete_logentry"}}, {"model": "auth.permission", "pk": 4, "fields": {"name": "Can view log entry", "content_type": 1, "codename": "view_logentry"}}, {"model": "auth.permission", "pk": 5, "fields": {"name": "Can add permission", "content_type": 2, "codename": "add_permission"}}, {"model": "auth.permission", "pk": 6, "fields": {"name": "Can change permission", "content_type": 2, "codename": "change_permission"}}, {"model": "auth.permission", "pk": 7, "fields": {"name": "Can delete permission", "content_type": 2, "codename": "delete_permission"}}, {"model": "auth.permission", "pk": 8, "fields": {"name": "Can view permission", "content_type": 2, "codename": "view_permission"}}, {"model": "auth.permission", "pk": 9, "fields": {"name": "Can add group", "content_type": 3, "codename": "add_group"}}, {"model": "auth.permission", "pk": 10, "fields": {"name": "Can change group", "content_type": 3, "codename": "change_group"}}, {"model": "auth.permission", "pk": 11, "fields": {"name": "Can delete group", "content_type": 3, "codename": "delete_group"}}, {"model": "auth.permission", "pk": 12, "fields": {"name": "Can view group", "content_type": 3, "codename": "view_group"}}, {"model": "auth.permission", "pk": 13, "fields": {"name": "Can add content type", "content_type": 4, "codename": "add_contenttype"}}, {"model": "auth.permission", "pk": 14, "fields": {"name": "Can change content type", "content_type": 4, "codename": "change_contenttype"}}, {"model": "auth.permission", "pk": 15, "fields": {"name": "Can delete content type", "content_type": 4, "codename": "delete_contenttype"}}, {"model": "auth.permission", "pk": 16, "fields": {"name": "Can view content type", "content_type": 4, "codename": "view_contenttype"}}, {"model": "auth.permission", "pk": 17, "fields": {"name": "Can add session", "content_type": 5, "codename": "add_session"}}, {"model": "auth.permission", "pk": 18, "fields": {"name": "Can change session", "content_type": 5, "codename": "change_session"}}, {"model": "auth.permission", "pk": 19, "fields": {"name": "Can delete session", "content_type": 5, "codename": "delete_session"}}, {"model": "auth.permission", "pk": 20, "fields": {"name": "Can view session", "content_type": 5, "codename": "view_session"}}, {"model": "auth.permission", "pk": 21, "fields": {"name": "Can add airplane type", "content_type": 6, "codename": "add_airplanetype"}}, {"model": "auth.permission", "pk": 22, "fields": {"name": "Can change airplane type", "content_type": 6, "codename": "change_airplanetype"}}, {"model": "auth.permission", "pk": 23, "fields": {"name": "Can delete airplane type", "content_type": 6, "codename": "delete_airplanetype"}}, {"model": "auth.permission", "pk": 24, "fields": {"name": "Can view airplane type", "content_type": 6, "codename": "view_airplanetype"}}, {"model": "auth.permission", "pk": 25, "fields": {"name": "Can add airport", "content_type": 7, "codename": "add_airport"}}, {"model": "auth.permission", "pk": 26, "fields": {"name": "Can change airport", "content_type": 7, "codename": "change_airport"}}, {"model": "auth.permission", "pk": 27, "fields": {"name": "Can delete airport", "content_type": 7, "codename": "delete_airport"}}, {"model": "auth.permission", "pk": 28, "fields": {"name": "Can view airport", "content_type": 7, "codename": "view_airport"}}, {"model": "auth.permission", "pk": 29, "fields": {"name": "Can add crew", "content_type": 8, "codename": "add_crew"}}, {"model": "auth.permission", "pk": 30, "fields": {"name": "Can change crew", "content_type": 8, "codename": "change_crew"}}, {"model": "auth.permission", "pk": 31, "fields": {"name": "Can delete crew", "content_type": 8, "codename": "delete_crew"}}, {"model": "auth.permission", "pk": 32, "fields": {"name": "Can view crew", "content_type": 8, "codename": "view_crew"}}, {"model": "auth.permission", "pk": 33, "fields": {"name": "Can add order", "content_type": 9, "codename": "add_order"}}, {"model": "auth.permission", "pk": 34, "fields": {"name": "Can change order", "content_type": 9, "codename": "change_order"}}, {"model": "auth.permission", "pk": 35, "fields": {"name": "Can delete order", "content_type": 9, "codename": "delete_order"}}, {"model": "auth.permission", "pk": 36, "fields": {"name": "Can view order", "content_type": 9, "codename": "view_order"}}, {"model": "auth.permission", "pk": 37, "fields": {"name": "Can add route", "content_type": 10, "codename": "add_route"}}, {"model": "auth.permission", "pk": 38, "fields": {"name": "Can change route", "content_type": 10, "codename": "change_route"}}, {"model": "auth.permission", "pk": 39, "fields": {"name": "Can delete route", "content_type": 10, "codename": "delete_route"}}, {"model": "auth.permission", "pk": 40, "fields": {"name": "Can view route", "content_type": 10, "codename": "view_route"}}, {"model": "auth.permission", "pk": 41, "fields": {"name": "Can add ticket", "content_type": 11, "codename": "add_ticket"}}, {"model": "auth.permission", "pk": 42, "fields": {"name": "Can change ticket", "content_type": 11, "codename": "change_ticket"}}, {"model": "auth.permission", "pk": 43, "fields": {"name": "Can delete ticket", "content_type": 11, "codename": "delete_ticket"}}, {"model": "auth.permission", "pk": 44, "fields": {"name": "Can view ticket", "content_type": 11, "codename": "view_ticket"}}, {"model": "auth.permission", "pk": 45, "fields": {"name": "Can add airplane", "content_type": 12, "codename": "add_airplane"}}, {"model": "auth.permission", "pk": 46, "fields": {"name": "Can change airplane", "content_type": 12, "codename": "change_airplane"}}, {"model": "auth.permission", "pk": 47, "fields": {"name": "Can delete airplane", "content_type": 12, "codename": "delete_airplane"}}, {"model": "auth.permission", "pk": 48, "fields": {"name": "Can view airplane", "content_type": 12, "codename": "view_airplane"}}, {"model": "auth.permission", "pk": 49, "fields": {"name": "Can add flight", "content_type": 13, "codename": "add_flight"}}, {"model": "auth.permission", "pk": 50, "fields": {"name": "Can change flight", "content_type": 13, "codename": "change_flight"}}, {"model": "auth.permission", "pk": 51, "fields": {"name": "Can delete flight", "content_type": 13, "codename": "delete_flight"}}, {"model": "auth.permission", "pk": 52, "fields": {"name": "Can view flight", "content_type": 13, "codename": "view_flight"}}, {"model": "auth.permission", "pk": 53, "fields": {"name": "Can add user", "content_type": 14, "codename": "add_user"}}, {"model": "auth.permission", "pk": 54, "fields": {"name": "Can change user", "content_type": 14, "codename": "change_user"}}, {"model": "auth.permission", "pk": 55, "fields": {"name": "Can delete user", "content_type": 14, "codename": "delete_user"}}, {"model": "auth.permission", "pk": 56, "fields": {"name": "Can view user", "content_type": 14, "codename": "view_user"}}, {"model": "contenttypes.contenttype", "pk": 1, "fields": {"app_label": "admin", "model": "logentry"}}, {"model": "contenttypes.contenttype", "pk": 2, "fields": {"app_label": "auth", "model": "permission"}}, {"model": "contenttypes.contenttype", "pk": 3, "fields": {"app_label": "auth", "model": "group"}}, {"model": "contenttypes.contenttype", "pk": 4, "fields": {"app_label": "contenttypes", "model": "contenttype"}}, {"model": "contenttypes.contenttype", "pk": 5, "fields": {"app_label": "sessions", "model": "session"}}, {"model": "contenttypes.contenttype", "pk": 6, "fields": {"app_label": "airport", "model": "airplanetype"}}, {"model": "contenttypes.contenttype", "pk": 7, "fields": {"app_label": "airport", "model": "airport"}}, {"model": "contenttypes.contenttype", "pk": 8, "fields": {"app_label": "airport", "model": "crew"}}, {"model": "contenttypes.contenttype", "pk": 9, "fields": {"app_label": "airport", "model": "order"}}, {"model": "contenttypes.contenttype", "pk": 10, "fields": {"app_label": "airport", "model": "route"}}, {"model": "contenttypes.contenttype", "pk": 11, "fields": {"app_label": "airport", "model": "ticket"}}, {"model": "contenttypes.contenttype", "pk": 12, "fields": {"app_label": "airport", "model": "airplane"}}, {"model": "contenttypes.contenttype", "pk": 13, "fields": {"app_label": "airport", "model": "flight"}}, {"model": "contenttypes.contenttype", "pk": 14, "fields": {"app_label": "user", "model": "user"}}, {"model": "sessions.session", "pk": "2ph82cuee85gbnqykrm9580uz14snk6i", "fields": {"session_data": ".eJxVjDsOwjAQBe_iGln-bGKbkp4zWOv1BgeQI8VJhbg7WEoBxWvejOYlIu5biXvjNc5ZnIUWp98vIT24dpDvWG-LpKVu65xkV-RBm7wumZ-Xw_0LFGylZw2AMiEN5EevKCi0yPBd0GaCCZPV7JkYnPLJWj8aHwaXAqCzCoHE-wPILjc9:1rDAD0:H2nkSXfJAXPtH10VsWbjWwFUjPaj9WQQ8AihutPRImE", "expire_date": "2023-12-26T21:22:30.186Z"}}, {"model": "sessions.session", "pk": "moxlehu6rvvbu6azygf3cmmp7waocuo9", "fields": {"session_data": ".eJxVjDsOwjAQBe_iGln-bGKbkp4zWOv1BgeQI8VJhbg7WEoBxWvejOYlIu5biXvjNc5ZnIUWp98vIT24dpDvWG-LpKVu65xkV-RBm7wumZ-Xw_0LFGylZw2AMiEN5EevKCi0yPBd0GaCCZPV7JkYnPLJWj8aHwaXAqCzCoHE-wPILjc9:1rDAD0:H2nkSXfJAXPtH10VsWbjWwFUjPaj9WQQ8AihutPRImE", "expire_date": "2023-12-26T21:22:30.403Z"}}, {"model": "sessions.session", "pk": "nk7msny68hit5glzb6skpyndii12r3mi", "fields": {"session_data": ".eJxVjEEOwiAQRe_C2pCZtgi4dO8ZyMAMtmogKe3KeHfbpAvdvvf-f6tA6zKGtckcJlYXher0yyKlp5Rd8IPKvepUyzJPUe-JPmzTt8ryuh7t38FIbdzW0MtwzuTAkLHEHQ7cg8uAgN0GUrZGHAojUW8NJfAsKeLgOXpvE6jPF9a-N-s:1rD3Y0:EvNjTzzWLGHa62y3yzmG8aZDpSJLsBDo4CmiKgkXPHs", "expire_date": "2023-12-26T14:15:44.910Z"}}, {"model": "airport.crew", "pk": 1, "fields": {"first_name": "Dima", "last_name": "Collins"}}, {"model": "airport.crew", "pk": 2, "fields": {"first_name": "Brian", "last_name": "Collins"}}, {"model": "airport.crew", "pk": 3, "fields": {"first_name": "Dima", "last_name": "Thompson"}}, {"model": "airport.crew", "pk": 4, "fields": {"first_name": "Alexander", "last_name": "Parker"}}, {"model": "airport.crew", "pk": 5, "fields": {"first_name": "Brian", "last_name": "Cooll"}}, {"model": "airport.crew", "pk": 6, "fields": {"first_name": "David", "last_name": "Parker"}}, {"model": "airport.airport", "pk": 1, "fields": {"name": "Kyiv First Airport", "closest_big_city": "Kyiv"}}, {"model": "airport.airport", "pk": 2, "fields": {"name": "Kyiv Second Airport", "closest_big_city": "Kyiv"}}, {"model": "airport.airport", "pk": 3, "fields": {"name": "Charkiv Second Airport", "closest_big_city": "Charkiv"}}, {"model": "airport.airport", "pk": 4, "fields": {"name": "Charkiv firstAirport", "closest_big_city": "Charkiv"}}, {"model": "airport.airport", "pk": 5, "fields": {"name": "Odessa first airport", "closest_big_city": "Odessa"}}, {"model": "airport.airport", "pk": 6, "fields": {"name": "Odessa Second airport", "closest_big_city": "Odessa"}}, {"model": "airport.airport", "pk": 7, "fields": {"name": "Odessa Trir dairport", "closest_big_city": "Odessa"}}, {"model": "airport.airport", "pk": 8, "fields": {"name": "LvivInternational", "closest_big_city": "Lviv"}}, {"model": "airport.airport", "pk": 9, "fields": {"name": "string", "closest_big_city": "string"}}, {"model": "airport.airport", "pk": 10, "fields": {"name": "Chernigov1", "closest_big_city": "Chernigov"}}, {"model": "airport.airplanetype", "pk": 1, "fields": {"name": "Boing5"}}, {"model": "airport.airplanetype", "pk": 2, "fields": {"name": "Boing7"}}, {"model": "airport.airplanetype", "pk": 3, "fields": {"name": "AirBus1"}}, {"model": "airport.airplanetype", "pk": 4, "fields": {"name": "AirBus9"}}, {"model": "airport.airplanetype", "pk": 5, "fields": {"name": "AirBus5"}}, {"model": "airport.route", "pk": 1, "fields": {"source": 1, "destination": 5, "distance": 315}}, {"model": "airport.route", "pk": 3, "fields": {"source": 1, "destination": 7, "distance": 125}}, {"model": "airport.route", "pk": 4, "fields": {"source": 4, "destination": 5, "distance": 1256}}, {"model": "airport.route", "pk": 6, "fields": {"source": 7, "destination": 2, "distance": 915}}, {"model": "airport.route", "pk": 8, "fields": {"source": 2, "destination": 3, "distance": 719}}, {"model": "airport.route", "pk": 9, "fields": {"source": 5, "destination": 10, "distance": 519}}, {"model": "airport.airplane", "pk": 1, "fields": {"name": "FirtAirplane", "image": "", "rows": 15, "seats_in_row": 7, "airplane_type": 1}}, {"model": "airport.airplane", "pk": 2, "fields": {"name": "SecondAirplane", "image": "", "rows": 25, "seats_in_row": 4, "airplane_type": 2}}, {"model": "airport.airplane", "pk": 3, "fields": {"name": "TrirdAirplane", "image": "", "rows": 35, "seats_in_row": 3, "airplane_type": 3}}, {"model": "airport.airplane", "pk": 4, "fields": {"name": "FourthAirplane", "image": "", "rows": 10, "seats_in_row": 4, "airplane_type": 4}}, {"model": "airport.airplane", "pk": 5, "fields": {"name": "Fifth", "image": "", "rows": 89, "seats_in_row": 5, "airplane_type": 2}}, {"model": "airport.airplane", "pk": 6, "fields": {"name": "FlightBoing5", "image": "uploads/airplanes/flightboing5-f8cec689-25ce-4d03-ba22-efde235e3c58.png", "rows": 15, "seats_in_row": 7, "airplane_type": 1}}, {"model": "airport.airplane", "pk": 7, "fields": {"name": "NewAirplane", "image": "", "rows": 17, "seats_in_row": 5, "airplane_type": 1}}, {"model": "airport.airplane", "pk": 8, "fields": {"name": "Smallairplane", "image": "uploads/airplanes/smallairplane-9635cc3c-8837-40a4-bedd-ee03c07beace.png", "rows": 7, "seats_in_row": 5, "airplane_type": 3}}, {"model": "airport.airplane", "pk": 9, "fields": {"name": "NewBoing", "image": "", "rows": 7, "seats_in_row": 5, "airplane_type": 1}}, {"model": "airport.flight", "pk": 1, "fields": {"route": 6, "airplane": 3, "arrival_time": "2023-12-19T20:20:00Z", "departure_time": "2023-12-18T20:20:00Z", "crew": [2, 3, 4]}}, {"model": "airport.flight", "pk": 2, "fields": {"route": 3, "airplane": 3, "arrival_time": "2023-12-11T07:01:00Z", "departure_time": "2023-12-12T01:47:00Z", "crew": [3]}}, {"model": "airport.flight", "pk": 3, "fields": {"route": 9, "airplane": 2, "arrival_time": "2023-12-15T23:10:00Z", "departure_time": "2023-12-16T23:11:00Z", "crew": [1, 2, 3, 4, 5, 6]}}, {"model": "airport.flight", "pk": 4, "fields": {"route": 6, "airplane": 9, "arrival_time": "2023-12-17T23:12:00Z", "departure_time": "2023-12-23T23:12:00Z", "crew": [1]}}, {"model": "airport.flight", "pk": 5, "fields": {"route": 8, "airplane": 8, "arrival_time": "2023-12-12T00:19:00Z", "departure_time": "2023-12-12T02:25:00Z", "crew": [4]}}, {"model": "airport.flight", "pk": 6, "fields": {"route": 4, "airplane": 6, "arrival_time": "2023-12-20T23:20:00Z", "departure_time": "2023-12-21T23:20:00Z", "crew": [6]}}, {"model": "airport.order", "pk": 1, "fields": {"created_at": "2023-12-11T22:00:44.872Z", "user": 1}}, {"model": "airport.order", "pk": 2, "fields": {"created_at": "2023-12-11T22:01:04.371Z", "user": 1}}, {"model": "airport.order", "pk": 3, "fields": {"created_at": "2023-12-11T22:03:13.041Z", "user": 1}}, {"model": "airport.order", "pk": 4, "fields": {"created_at": "2023-12-11T22:12:02.239Z", "user": 1}}, {"model": "airport.order", "pk": 5, "fields": {"created_at": "2023-12-12T21:08:57.175Z", "user": 1}}, {"model": "airport.order", "pk": 6, "fields": {"created_at": "2023-12-12T21:14:26.792Z", "user": 1}}, {"model": "airport.order", "pk": 7, "fields": {"created_at": "2023-12-12T21:23:18.112Z", "user": 1}}, {"model": "airport.order", "pk": 8, "fields": {"created_at": "2023-12-12T21:43:30.570Z", "user": 1}}, {"model": "airport.ticket", "pk": 1, "fields": {"row": 1, "seat": 3, "order": 1, "flight": 1}}, {"model": "airport.ticket", "pk": 2, "fields": {"row": 3, "seat": 3, "order": 2, "flight": 2}}, {"model": "airport.ticket", "pk": 3, "fields": {"row": 1, "seat": 1, "order": 3, "flight": 1}}, {"model": "airport.ticket", "pk": 4, "fields": {"row": 1, "seat": 2, "order": 3, "flight": 1}}, {"model": "airport.ticket", "pk": 5, "fields": {"row": 1, "seat": 3, "order": 4, "flight": 2}}, {"model": "airport.ticket", "pk": 6, "fields": {"row": 2, "seat": 3, "order": 5, "flight": 1}}, {"model": "airport.ticket", "pk": 7, "fields": {"row": 2, "seat": 3, "order": 6, "flight": 4}}, {"model": "airport.ticket", "pk": 8, "fields": {"row": 3, "seat": 3, "order": 7, "flight": 6}}, {"model": "airport.ticket", "pk": 9, "fields": {"row": 2, "seat": 3, "order": 8, "flight": 5}}, {"model": "user.user", "pk": 1, "fields": {"password": "pbkdf2_sha256$320000$g4PXlhMjULMS32ZpoMgdMu$IPeszPko6jZdqYGtXWTF83jqmGU7iYWIMhjSJg7N+uU=", "last_login": "2023-12-12T21:22:30.373Z", "is_superuser": true, "first_name": "", "last_name": "", "is_staff": true, "is_active": true, "date_joined": "2023-12-11T21:59:56.701Z", "email": "admin@admin.com", "groups": [], "user_permissions": []}}]